{
  "week": 7,
  "functions": {
    "1": 4.250433342725532e-15,
    "2": 0.7227908397061406,
    "3": -0.05017215361785152,
    "4": -3.962742151304709,
    "5": 3273.8921448849183,
    "6": -0.4993080476858224,
    "7": 1.7491755214029385,
    "8": 9.784121999
  }
}
