{
  "week": 7,
  "functions": {
    "1": {
      "input": [0.729800, 0.729800],
      "output": 4.250433342725532e-15
    },
    "2": {
      "input": [0.694000, 0.936000],
      "output": 0.7227908397061406
    },
    "3": {
      "input": [0.491000, 0.594000, 0.346000],
      "output": -0.05017215361785152
    },
    "4": {
      "input": [0.578300, 0.428800, 0.425800, 0.253000],
      "output": -3.962742151304709
    },
    "5": {
      "input": [0.110000, 0.965000, 0.965000, 0.975000],
      "output": 3273.8921448849183
    },
    "6": {
      "input": [0.500300, 0.325000, 0.386000, 0.893000, 0.039000],
      "output": -0.4993080476858224
    },
    "7": {
      "input": [0.053000, 0.464000, 0.244000, 0.204000, 0.308000, 0.728000],
      "output": 1.7491755214029385
    },
    "8": {
      "input": [0.091500, 0.041900, 0.053700, 0.065700, 0.566100, 0.832100, 0.061800, 0.409400],
      "output": 9.784121999
    }
  }
}
