{
  "1": [0.730500, 0.731500],
  "2": [0.696000, 0.934000],
  "3": [0.492000, 0.604000, 0.343000],
  "4": [0.578000, 0.428800, 0.425800, 0.251000],
  "5": [0.120000, 0.960000, 0.960000, 0.970000],
  "6": [0.500000, 0.300000, 0.365000, 0.900000, 0.030000],
  "7": [0.052000, 0.471000, 0.242000, 0.202000, 0.302000, 0.730000],
  "8": [0.091000, 0.041500, 0.053900, 0.065900, 0.567000, 0.831000, 0.060000, 0.409000]
}
