{
  "week": 6,
  "functions": {
    "1": 1.7043369097736036e-15,
    "2": 0.7729097325485852,
    "3": -0.03140224643128403,
    "4": -3.992035882485815,
    "5": 3114.916159936784,
    "6": -0.6974251396129195,
    "7": 1.7077885403964521,
    "8": 9.78406571
  }
}
