{
  "week": 6,
  "functions": {
    "1": {
      "input": [0.730500, 0.731500],
      "output": 1.7043369097736036e-15
    },
    "2": {
      "input": [0.696000, 0.934000],
      "output": 0.7729097325485852
    },
    "3": {
      "input": [0.492000, 0.604000, 0.343000],
      "output": -0.03140224643128403
    },
    "4": {
      "input": [0.578000, 0.428800, 0.425800, 0.251000],
      "output": -3.992035882485815
    },
    "5": {
      "input": [0.120000, 0.960000, 0.960000, 0.970000],
      "output": 3114.916159936784
    },
    "6": {
      "input": [0.500000, 0.300000, 0.365000, 0.900000, 0.030000],
      "output": -0.6974251396129195
    },
    "7": {
      "input": [0.052000, 0.471000, 0.242000, 0.202000, 0.302000, 0.730000],
      "output": 1.7077885403964521
    },
    "8": {
      "input": [0.091000, 0.041500, 0.053900, 0.065900, 0.567000, 0.831000, 0.060000, 0.409000],
      "output": 9.78406571
    }
  }
}
