{
  "week": 1,
  "functions": {
    "1": [0.750000, 0.740000],
    "2": [0.740000, 0.880000],
    "3": [0.550000, 0.680000, 0.220000],
    "4": [0.540000, 0.460000, 0.440000, 0.140000],
    "5": [0.170782, 0.903004, 0.868389, 0.899803],
    "6": [0.500293, 0.324863, 0.385852, 0.893390, 0.038568],
    "7": [0.009454, 0.894935, 0.326988, 0.164889, 0.538157, 0.770365],
    "8": [0.098931, 0.036479, 0.038852, 0.058147, 0.608984, 0.842810, 0.030625, 0.425208]
  }
}
