{
  "week": 1,
  "functions": {
    "1": -9.555047198348835e-21,
    "2": 0.4507276047939478,
    "3": -0.13856523089457012,
    "4": -6.045753382382884,
    "5": 1421.0424648914295,
    "6": -0.5406455142504304,
    "7": 0.15648740980222917,
    "8": 9.7575565919116
  }
}
