{
  "week": 1,
  "functions": {
    "1": {
      "input": [0.750000, 0.740000],
      "output": -9.555047198348835e-21
    },
    "2": {
      "input": [0.740000, 0.880000],
      "output": 0.4507276047939478
    },
    "3": {
      "input": [0.550000, 0.680000, 0.220000],
      "output": -0.13856523089457012
    },
    "4": {
      "input": [0.540000, 0.460000, 0.440000, 0.140000],
      "output": -6.045753382382884
    },
    "5": {
      "input": [0.170782, 0.903004, 0.868389, 0.899803],
      "output": 1421.0424648914295
    },
    "6": {
      "input": [0.500293, 0.324863, 0.385852, 0.893390, 0.038568],
      "output": -0.5406455142504304
    },
    "7": {
      "input": [0.009454, 0.894935, 0.326988, 0.164889, 0.538157, 0.770365],
      "output": 0.15648740980222917
    },
    "8": {
      "input": [0.098931, 0.036479, 0.038852, 0.058147, 0.608984, 0.842810, 0.030625, 0.425208],
      "output": 9.7575565919116
    }
  }
}
