{
  "week": 2,
  "functions": {
    "1": [0.735000, 0.770000],
    "2": [0.700000, 0.930000],
    "3": [0.505000, 0.715000, 0.315000],
    "4": [0.574000, 0.426000, 0.415000, 0.118000],
    "5": [0.146395, 0.959380, 0.979043, 1.000000],
    "6": [0.517022, 0.322479, 0.379120, 0.897885, 0.041046],
    "7": [0.040000, 0.492000, 0.225000, 0.173000, 0.148000, 0.740000],
    "8": [0.092062, 0.042321, 0.053471, 0.065520, 0.565106, 0.833197, 0.063626, 0.409748]
  }
}
