{
  "week": 2,
  "functions": {
    "1": -1.1791010396339067e-22,
    "2": 0.5879458606326573,
    "3": -0.05560582825392717,
    "4": -7.363245806801839,
    "5": 2208.227882422367,
    "6": -0.6364378962238962,
    "7": 0.9791489313930841,
    "8": 9.7841491208186
  }
}
