{
  "week": 2,
  "functions": {
    "1": {
      "input": [0.735000, 0.770000],
      "output": -1.1791010396339067e-22
    },
    "2": {
      "input": [0.700000, 0.930000],
      "output": 0.5879458606326573
    },
    "3": {
      "input": [0.505000, 0.715000, 0.315000],
      "output": -0.05560582825392717
    },
    "4": {
      "input": [0.574000, 0.426000, 0.415000, 0.118000],
      "output": -7.363245806801839
    },
    "5": {
      "input": [0.160000, 0.930000, 0.920000, 0.940000],
      "output": 2208.227882422367
    },
    "6": {
      "input": [0.517022, 0.322479, 0.379120, 0.897885, 0.041046],
      "output": -0.6364378962238962
    },
    "7": {
      "input": [0.040000, 0.492000, 0.225000, 0.173000, 0.148000, 0.740000],
      "output": 0.9791489313930841
    },
    "8": {
      "input": [0.092062, 0.042321, 0.053471, 0.065520, 0.565106, 0.833197, 0.063626, 0.409748],
      "output": 9.7841491208186
    }
  }
}
