{
  "week": 4,
  "functions": {
    "1": 2.449144980303799e-17,
    "2": 0.4784708958247099,
    "3": -0.045958042327887666,
    "4": -4.222546292346188,
    "5": 2815.841162616493,
    "6": -0.5849568194612891,
    "7": 1.6197843029490568,
    "8": 9.782533275
  }
}
