{
  "week": 4,
  "functions": {
    "1": {
      "input": [0.732500, 0.739500],
      "output": 2.449144980303799e-17
    },
    "2": {
      "input": [0.702000, 0.927500],
      "output": 0.4784708958247099
    },
    "3": {
      "input": [0.496000, 0.640000, 0.334000],
      "output": -0.045958042327887666
    },
    "4": {
      "input": [0.577000, 0.429000, 0.426000, 0.240000],
      "output": -4.222546292346188
    },
    "5": {
      "input": [0.140000, 0.950000, 0.950000, 0.960000],
      "output": 2815.841162616493
    },
    "6": {
      "input": [0.507000, 0.323000, 0.380000, 0.892000, 0.039000],
      "output": -0.5849568194612891
    },
    "7": {
      "input": [0.050000, 0.485000, 0.238000, 0.198000, 0.290000, 0.734000],
      "output": 1.6197843029490568
    },
    "8": {
      "input": [0.086500, 0.038500, 0.056000, 0.067500, 0.575000, 0.823000, 0.045000, 0.406500],
      "output": 9.782533275
    }
  }
}
