{
  "through_week": "week2",
  "strategy": "trust_region",
  "recommendations": {
    "1": {
      "dimension": 2,
      "method": "gaussian_process_trust_region_ucb",
      "latest_query_improved_best": false,
      "trust_region_radius": 0.08,
      "best_observed_output": 7.710875114502849e-16,
      "best_observed_input": [
        0.7310236309563586,
        0.7329998764152272
      ],
      "candidate": [
        0.5733807409533367,
        0.20918510972003623
      ],
      "portal": "0.573381-0.209185",
      "latest_payload_present": true
    },
    "2": {
      "dimension": 2,
      "method": "gaussian_process_trust_region_ucb",
      "latest_query_improved_best": false,
      "trust_region_radius": 0.08,
      "best_observed_output": 0.6112052157614438,
      "best_observed_input": [
        0.7026365569244406,
        0.9265641975455574
      ],
      "candidate": [
        0.7096629774058313,
        0.015134757138796973
      ],
      "portal": "0.709663-0.015135",
      "latest_payload_present": true
    },
    "3": {
      "dimension": 3,
      "method": "gaussian_process_trust_region_ucb",
      "latest_query_improved_best": false,
      "trust_region_radius": 0.08,
      "best_observed_output": -0.034835313350078584,
      "best_observed_input": [
        0.49258141463713434,
        0.6115931882759961,
        0.3401763860035727
      ],
      "candidate": [
        0.9919622524372147,
        0.9374468329187746,
        0.4137964696006855
      ],
      "portal": "0.991962-0.937447-0.413796",
      "latest_payload_present": true
    },
    "4": {
      "dimension": 4,
      "method": "gaussian_process_trust_region_ucb",
      "latest_query_improved_best": false,
      "trust_region_radius": 0.08,
      "best_observed_output": -4.025542281908162,
      "best_observed_input": [
        0.5777656143780968,
        0.4287717415443063,
        0.4258258674882194,
        0.24900741466191134
      ],
      "candidate": [
        0.4165690415395525,
        0.38980352788582956,
        0.36534747494126507,
        0.41855430471769484
      ],
      "portal": "0.416569-0.389804-0.365347-0.418554",
      "latest_payload_present": true
    },
    "5": {
      "dimension": 4,
      "method": "gaussian_process_trust_region_ucb",
      "latest_query_improved_best": true,
      "trust_region_radius": 0.04,
      "best_observed_output": 2208.227882422367,
      "best_observed_input": [
        0.16,
        0.93,
        0.92,
        0.94
      ],
      "candidate": [
        0.09002401526559344,
        0.9881720130761938,
        1.0,
        0.9750242369141527
      ],
      "portal": "0.090024-0.988172-1.000000-0.975024",
      "latest_payload_present": true
    },
    "6": {
      "dimension": 5,
      "method": "random_forest_trust_region",
      "latest_query_improved_best": false,
      "trust_region_radius": 0.1,
      "best_observed_output": -0.5406455142504304,
      "best_observed_input": [
        0.500293,
        0.324863,
        0.385852,
        0.89339,
        0.038568
      ],
      "candidate": [
        0.5413170648747833,
        0.31859414876187836,
        0.24847364835838903,
        0.87992605297574,
        0.03765574790120289
      ],
      "portal": "0.541317-0.318594-0.248474-0.879926-0.037656",
      "latest_payload_present": true
    },
    "7": {
      "dimension": 6,
      "method": "random_forest_trust_region",
      "latest_query_improved_best": false,
      "trust_region_radius": 0.1,
      "best_observed_output": 1.3649683044991994,
      "best_observed_input": [
        0.057895541971385245,
        0.49167221863901367,
        0.24742222374867484,
        0.21811843639837636,
        0.42042832954601583,
        0.7309698428701273
      ],
      "candidate": [
        0.0,
        0.4908445775432796,
        0.21668591301987805,
        0.0927923598081786,
        0.12703454096805994,
        0.730752400031415
      ],
      "portal": "0.000000-0.490845-0.216686-0.092792-0.127035-0.730752",
      "latest_payload_present": true
    },
    "8": {
      "dimension": 8,
      "method": "random_forest_trust_region",
      "latest_query_improved_best": true,
      "trust_region_radius": 0.05,
      "best_observed_output": 9.7841491208186,
      "best_observed_input": [
        0.092062,
        0.042321,
        0.053471,
        0.06552,
        0.565106,
        0.833197,
        0.063626,
        0.409748
      ],
      "candidate": [
        0.07613720717590237,
        0.03688526772109586,
        0.051524439228753,
        0.0690406577669965,
        0.6405324697724735,
        0.8236139469264318,
        0.02680460885253124,
        0.3702763999976556
      ],
      "portal": "0.076137-0.036885-0.051524-0.069041-0.640532-0.823614-0.026805-0.370276",
      "latest_payload_present": true
    }
  }
}
