{
  "week": 3,
  "functions": {
    "1": [0.733000, 0.748000],
    "2": [0.701500, 0.928000],
    "3": [0.498000, 0.665000, 0.328000],
    "4": [0.576000, 0.429000, 0.426000, 0.225000],
    "5": [0.145000, 0.945000, 0.945000, 0.955000],
    "6": [0.505000, 0.323000, 0.372000, 0.890000, 0.039000],
    "7": [0.049000, 0.492000, 0.236000, 0.196000, 0.284000, 0.736000],
    "8": [0.076137, 0.036885, 0.051524, 0.069041, 0.640532, 0.823614, 0.026805, 0.370276]
  }
}
