{
  "week": 3,
  "functions": {
    "1": -2.129897404039176e-19,
    "2": 0.5649169509458406,
    "3": -0.05046919192806,
    "4": -4.669505408097649,
    "5": 2675.1205400108825,
    "6": -0.5518361050265084,
    "7": 1.5735371355272594,
    "8": 9.7783249336524
  }
}
