{
  "week": 3,
  "functions": {
    "1": {
      "input": [0.733000, 0.748000],
      "output": -2.129897404039176e-19
    },
    "2": {
      "input": [0.701500, 0.928000],
      "output": 0.5649169509458406
    },
    "3": {
      "input": [0.498000, 0.665000, 0.328000],
      "output": -0.05046919192806
    },
    "4": {
      "input": [0.576000, 0.429000, 0.426000, 0.225000],
      "output": -4.669505408097649
    },
    "5": {
      "input": [0.145000, 0.945000, 0.945000, 0.955000],
      "output": 2675.1205400108825
    },
    "6": {
      "input": [0.505000, 0.323000, 0.372000, 0.890000, 0.039000],
      "output": -0.5518361050265084
    },
    "7": {
      "input": [0.049000, 0.492000, 0.236000, 0.196000, 0.284000, 0.736000],
      "output": 1.5735371355272594
    },
    "8": {
      "input": [0.076137, 0.036885, 0.051524, 0.069041, 0.640532, 0.823614, 0.026805, 0.370276],
      "output": 9.7783249336524
    }
  }
}
