{
  "week": 8,
  "functions": {
    "1": [0.729400, 0.728800],
    "2": [0.696500, 0.934500],
    "3": [0.491500, 0.600500, 0.344000],
    "4": [0.578600, 0.429000, 0.426000, 0.255000],
    "5": [0.100000, 0.970000, 0.970000, 0.980000],
    "6": [0.500600, 0.326000, 0.386500, 0.892500, 0.039500],
    "7": [0.054000, 0.457000, 0.246000, 0.206000, 0.314000, 0.726000],
    "8": [0.092400, 0.042400, 0.053400, 0.065450, 0.564500, 0.833600, 0.064000, 0.410100]
  }
}
