{
  "1": [0.731800, 0.735000],
  "2": [0.698000, 0.932000],
  "3": [0.494000, 0.625000, 0.337000],
  "4": [0.577500, 0.428800, 0.425900, 0.247000],
  "5": [0.130000, 0.955000, 0.955000, 0.965000],
  "6": [0.495000, 0.325000, 0.388000, 0.894000, 0.038500],
  "7": [0.051000, 0.478000, 0.240000, 0.200000, 0.296000, 0.732000],
  "8": [0.089300, 0.040400, 0.054700, 0.066500, 0.570000, 0.828000, 0.054000, 0.408000]
}
