{
  "week": 5,
  "functions": {
    "1": 2.503037341959087e-16,
    "2": 0.6804759634712958,
    "3": -0.037571358322335574,
    "4": -4.062154802752616,
    "5": 2962.2983942628757,
    "6": -0.5837700438468816,
    "7": 1.6645971234129806,
    "8": 9.78342394
  }
}
