{
  "week": 5,
  "functions": {
    "1": {
      "input": [0.731800, 0.735000],
      "output": 2.503037341959087e-16
    },
    "2": {
      "input": [0.698000, 0.932000],
      "output": 0.6804759634712958
    },
    "3": {
      "input": [0.494000, 0.625000, 0.337000],
      "output": -0.037571358322335574
    },
    "4": {
      "input": [0.577500, 0.428800, 0.425900, 0.247000],
      "output": -4.062154802752616
    },
    "5": {
      "input": [0.130000, 0.955000, 0.955000, 0.965000],
      "output": 2962.2983942628757
    },
    "6": {
      "input": [0.495000, 0.325000, 0.388000, 0.894000, 0.038500],
      "output": -0.5837700438468816
    },
    "7": {
      "input": [0.051000, 0.478000, 0.240000, 0.200000, 0.296000, 0.732000],
      "output": 1.6645971234129806
    },
    "8": {
      "input": [0.089300, 0.040400, 0.054700, 0.066500, 0.570000, 0.828000, 0.054000, 0.408000],
      "output": 9.78342394
    }
  }
}
